<?xml version="1.0" encoding="UTF-8"?>
<web-app xmlns:xsi="http://www.w3.org/2001/XMLSchema-instance" xmlns="http://java.sun.com/xml/ns/javaee" xsi:schemaLocation="http://java.sun.com/xml/ns/javaee http://java.sun.com/xml/ns/javaee/web-app_3_0.xsd" version="3.0">
  <display-name>JavaWebIntro</display-name>
  <welcome-file-list>
    <welcome-file>index.html</welcome-file>
  </welcome-file-list>
  <servlet>
    <servlet-name>helloWorld</servlet-name>
    <servlet-class>com.skilldistillery.javaweb.examples.HelloWorldServlet</servlet-class>
  </servlet>
  <servlet-mapping>
    <servlet-name>helloWorld</servlet-name>
    <url-pattern>/hello</url-pattern>
  </servlet-mapping>
  
  <servlet>
    <servlet-name>inventory</servlet-name>
    <servlet-class>com.skilldistillery.javaweb.labs.InventoryServlet</servlet-class>
  </servlet>
  <servlet-mapping>
    <servlet-name>inventory</servlet-name>
    <url-pattern>/inventory</url-pattern>
  </servlet-mapping>
  <!--  Your solution will not use the solutions.labs package
  <servlet>
    <servlet-name>goodbye</servlet-name>
    <servlet-class>com.skilldistillery.javaweb.solutions.labs.GoodbyeServlet</servlet-class>
  </servlet>
  <servlet-mapping>
    <servlet-name>goodbye</servlet-name>
    <url-pattern>*.do</url-pattern>
  </servlet-mapping>
  -->
</web-app>